,ds,y,yhat1,lagged_regressor_pop_female_GW1,lagged_regressor_mvpop_GW1,trend,season_yearly,season_weekly,season_daily,season_monthly
0,2021-01-01,2.07,,,,,,,,
1,2021-01-02,2.062,3.4717955589294434,0.24900709092617035,-0.12276164442300797,-18.11334800720215,-3.334144115447998,-0.11746826767921448,24.707740783691406,0.20277157425880432
2,2021-01-03,1.918,3.8254473209381104,0.24900709092617035,0.25157785415649414,-18.11334800720215,-3.312525987625122,-0.15800930559635162,24.707740783691406,0.2010057270526886
3,2021-01-04,3.238,4.451896667480469,0.24900709092617035,0.06759153306484222,-18.11334800720215,-3.2902371883392334,0.6807042360305786,24.707740783691406,0.15043820440769196
4,2021-01-05,2.864,4.672317028045654,0.24900709092617035,1.0765230655670166,-18.11334800720215,-3.2675178050994873,-0.0002231218240922317,24.707740783691406,0.020134955644607544
5,2021-01-06,2.26,4.326676368713379,0.24900709092617035,1.1038434505462646,-18.11334800720215,-3.2445998191833496,-0.21282154321670532,24.707740783691406,-0.16314385831356049
6,2021-01-07,0.522,4.2993597984313965,0.24900709092617035,1.1633915901184082,-18.11334800720215,-3.2217044830322266,-0.1634550243616104,24.707740783691406,-0.3222709596157074
7,2021-01-08,0.76,4.416695594787598,0.24900709092617035,1.185247778892517,-18.11334800720215,-3.199044704437256,-0.02872695028781891,24.707740783691406,-0.3841814696788788
8,2021-01-09,0.904,4.31717586517334,0.24900709092617035,1.1035040616989136,-18.11334800720215,-3.176818370819092,-0.11746826767921448,24.707740783691406,-0.33544108271598816
9,2021-01-10,1.004,3.723737955093384,0.24900709092617035,0.42395731806755066,-18.11334800720215,-3.155210256576538,-0.15800930559635162,24.707740783691406,-0.23039966821670532
10,2021-01-11,1.816,4.29813289642334,0.24900709092617035,0.05354786291718483,-18.11334800720215,-3.1343889236450195,0.6807042360305786,24.707740783691406,-0.14512999355793
11,2021-01-12,1.202,4.725921154022217,0.24900709092617035,1.1152263879776,-18.11334800720215,-3.1145071983337402,-0.0002231218240922317,24.707740783691406,-0.11797402054071426
12,2021-01-13,1.852,4.656484603881836,0.24900709092617035,1.249024748802185,-18.11334800720215,-3.095698356628418,-0.21282154321670532,24.707740783691406,-0.12741945683956146
13,2021-01-14,3.056,4.726870536804199,0.24900709092617035,1.2473007440567017,-18.11334800720215,-3.078077793121338,-0.1634550243616104,24.707740783691406,-0.12229768186807632
14,2021-01-15,3.136,4.895463943481445,0.24900709092617035,1.2148488759994507,-18.11334800720215,-3.0617401599884033,-0.02872695028781891,24.707740783691406,-0.07231621444225311
15,2021-01-16,2.114,4.951504230499268,0.24900709092617035,1.264500617980957,-18.11334800720215,-3.0467615127563477,-0.11746826767921448,24.707740783691406,0.007835550233721733
16,2021-01-17,1.644,4.340805530548096,0.24900709092617035,0.6100206971168518,-18.11334800720215,-3.033195734024048,-0.15800930559635162,24.707740783691406,0.07859113067388535
17,2021-01-18,1.71,4.801146984100342,0.24900709092617035,0.18330079317092896,-18.11334800720215,-3.021075487136841,0.6807042360305786,24.707740783691406,0.1148182824254036
18,2021-01-19,2.508,5.218789577484131,0.24900709092617035,1.2619619369506836,-18.11334800720215,-3.010413885116577,-0.0002231218240922317,24.707740783691406,0.12406608462333679
19,2021-01-20,3.408,4.975792407989502,0.24900709092617035,1.2179169654846191,-18.11334800720215,-3.0012004375457764,-0.21282154321670532,24.707740783691406,0.12849979102611542
20,2021-01-21,1.8,5.148311138153076,0.24900709092617035,1.328141689300537,-18.11334800720215,-2.9934072494506836,-0.1634550243616104,24.707740783691406,0.13363227248191833
21,2021-01-22,3.36,5.225364685058594,0.24900709092617035,1.277980923652649,-18.11334800720215,-2.986982583999634,-0.02872695028781891,24.707740783691406,0.11969515681266785
22,2021-01-23,3.894,5.2014312744140625,0.24900709092617035,1.3909411430358887,-18.11334800720215,-2.98185658454895,-0.11746826767921448,24.707740783691406,0.06641479581594467
23,2021-01-24,4.842,4.455626010894775,0.24900709092617035,0.7629196047782898,-18.11334800720215,-2.9779410362243652,-0.15800930559635162,24.707740783691406,-0.014742866158485413
24,2021-01-25,5.244,4.823062896728516,0.24900709092617035,0.3512139916419983,-18.11334800720215,-2.975128650665283,0.6807042360305786,24.707740783691406,-0.07712770253419876
25,2021-01-26,2.346,5.140561580657959,0.24900709092617035,1.3436719179153442,-18.11334800720215,-2.973295211791992,-0.0002231218240922317,24.707740783691406,-0.0729927271604538
26,2021-01-27,4.22,4.9687700271606445,0.24900709092617035,1.305823802947998,-18.11334800720215,-2.9723007678985596,-0.21282154321670532,24.707740783691406,0.00466820877045393
27,2021-01-28,2.214,5.231270790100098,0.24900709092617035,1.41042160987854,-18.11334800720215,-2.971989870071411,-0.1634550243616104,24.707740783691406,0.11289643496274948
28,2021-01-29,2.332,5.359400272369385,0.24900709092617035,1.3238111734390259,-18.11334800720215,-2.9721977710723877,-0.02872695028781891,24.707740783691406,0.1931125968694687
29,2021-01-30,2.548,5.328190326690674,0.24900709092617035,1.3567992448806763,-18.11334800720215,-2.9727420806884766,-0.11746826767921448,24.707740783691406,0.21820272505283356
30,2021-01-31,3.848,4.689767837524414,0.24900709092617035,0.769483208656311,-18.11334800720215,-2.9734363555908203,-0.15800930559635162,24.707740783691406,0.2083316445350647
31,2021-02-01,3.898,5.1249566078186035,0.24900709092617035,0.3740204870700836,-18.11334800720215,-2.9740819931030273,0.6807042360305786,24.707740783691406,0.20091627538204193
32,2021-02-02,3.124,5.75823450088501,0.5577471256256104,1.3760353326797485,-18.11334800720215,-2.974475383758545,-0.0002231218240922317,24.707740783691406,0.20475904643535614
33,2021-02-03,3.026,5.51751184463501,0.5577471256256104,1.367815613746643,-18.11334800720215,-2.9744083881378174,-0.21282154321670532,24.707740783691406,0.18478743731975555
34,2021-02-04,2.06,5.528406620025635,0.5577471256256104,1.418247938156128,-18.11334800720215,-2.9736690521240234,-0.1634550243616104,24.707740783691406,0.09514174610376358
35,2021-02-05,3.858,5.475836277008057,0.5577471256256104,1.393479824066162,-18.11334800720215,-2.972045421600342,-0.02872695028781891,24.707740783691406,-0.06901081651449203
36,2021-02-06,4.306,5.269251346588135,0.5577471256256104,1.4550845623016357,-18.11334800720215,-2.969324827194214,-0.11746826767921448,24.707740783691406,-0.25117868185043335
37,2021-02-07,3.552,4.446347713470459,0.5577471256256104,0.7855361104011536,-18.11334800720215,-2.965297222137451,-0.15800930559635162,24.707740783691406,-0.3680194914340973
38,2021-02-08,3.216,4.844425678253174,0.5577471256256104,0.34283798933029175,-18.11334800720215,-2.9597582817077637,0.6807042360305786,24.707740783691406,-0.37149831652641296
39,2021-02-09,3.922,5.309972286224365,0.5577471256256104,1.3955024480819702,-18.11334800720215,-2.9525082111358643,-0.0002231218240922317,24.707740783691406,-0.2849395275115967
40,2021-02-10,4.45,5.260100364685059,0.5577471256256104,1.4456157684326172,-18.11334800720215,-2.943354845046997,-0.21282154321670532,24.707740783691406,-0.18147839605808258
41,2021-02-11,3.478,5.3585591316223145,0.5577471256256104,1.4263523817062378,-18.11334800720215,-2.932115077972412,-0.1634550243616104,24.707740783691406,-0.12436459213495255
42,2021-02-12,3.886,4.272157192230225,0.5577471256256104,0.18860195577144623,-18.11334800720215,-2.91861629486084,-0.02872695028781891,24.707740783691406,-0.12124212086200714
43,2021-02-13,5.274,3.9136931896209717,0.5577471256256104,-0.08871474117040634,-18.11334800720215,-2.9026973247528076,-0.11746826767921448,24.707740783691406,-0.12956635653972626
44,2021-02-14,4.726,4.386345386505127,0.5577471256256104,0.37943705916404724,-18.11334800720215,-2.8842108249664307,-0.15800930559635162,24.707740783691406,-0.10300913453102112
45,2021-02-15,3.23,5.315330982208252,0.5577471256256104,0.37915876507759094,-18.11334800720215,-2.863023042678833,0.6807042360305786,24.707740783691406,-0.033649031072854996
46,2021-02-16,2.298,5.7143635749816895,0.5577471256256104,1.3547697067260742,-18.11334800720215,-2.8390159606933594,-0.0002231218240922317,24.707740783691406,0.04669498652219772
47,2021-02-17,2.278,5.6547980308532715,0.5577471256256104,1.426304817199707,-18.11334800720215,-2.812086343765259,-0.21282154321670532,24.707740783691406,0.10125932842493057
48,2021-02-18,3.06,5.712435722351074,0.5577471256256104,1.3845268487930298,-18.11334800720215,-2.782149076461792,-0.1634550243616104,24.707740783691406,0.12137355655431747
49,2021-02-19,4.384,5.934072494506836,0.5577471256256104,1.433927297592163,-18.11334800720215,-2.749135971069336,-0.02872695028781891,24.707740783691406,0.12586888670921326
50,2021-02-20,6.432,6.04599666595459,0.5577471256256104,1.5925414562225342,-18.11334800720215,-2.7129955291748047,-0.11746826767921448,24.707740783691406,0.13177938759326935
51,2021-02-21,7.858,5.4563093185424805,0.5577471256256104,1.0051305294036865,-18.11334800720215,-2.6736950874328613,-0.15800930559635162,24.707740783691406,0.13074417412281036
52,2021-02-22,5.648,5.857735633850098,0.5577471256256104,0.5578643083572388,-18.11334800720215,-2.631220817565918,0.6807042360305786,24.707740783691406,0.09824804216623306
53,2021-02-23,4.544,6.113346576690674,0.5577471256256104,1.520028829574585,-18.11334800720215,-2.5855746269226074,-0.0002231218240922317,24.707740783691406,0.026974914595484734
54,2021-02-24,5.55,5.8555588722229,0.5577471256256104,1.5048245191574097,-18.11334800720215,-2.5367794036865234,-0.21282154321670532,24.707740783691406,-0.05180375650525093
55,2021-02-25,5.386,5.950145721435547,0.5577471256256104,1.531445860862732,-18.11334800720215,-2.4848732948303223,-0.1634550243616104,24.707740783691406,-0.08511064946651459
56,2021-02-26,7.172,6.176205158233643,0.5577471256256104,1.5243186950683594,-18.11334800720215,-2.429912805557251,-0.02872695028781891,24.707740783691406,-0.04161207377910614
57,2021-02-27,8.086,6.406464576721191,0.5577471256256104,1.684901237487793,-18.11334800720215,-2.3719711303710938,-0.11746826767921448,24.707740783691406,0.05886423960328102
58,2021-02-28,6.798,5.959781169891357,0.5577471256256104,1.117425560951233,-18.11334800720215,-2.3111369609832764,-0.15800930559635162,24.707740783691406,0.15936212241649628
59,2021-03-01,0.354,6.464834690093994,0.5577471256256104,0.6672678589820862,-18.11334800720215,-2.247514486312866,0.6807042360305786,24.707740783691406,0.21223685145378113
60,2021-03-02,4.966,6.040336608886719,1.1248499155044556,0.2874167263507843,-18.11334800720215,-2.1812214851379395,-0.0002231218240922317,24.707740783691406,0.21512162685394287
61,2021-03-03,6.32,7.119880199432373,1.1248499155044556,1.5231783390045166,-18.11334800720215,-2.1123907566070557,-0.21282154321670532,24.707740783691406,0.20267289876937866
62,2021-03-04,6.526,7.273400783538818,1.1248499155044556,1.556010365486145,-18.11334800720215,-2.041165590286255,-0.1634550243616104,24.707740783691406,0.20277157425880432
63,2021-03-05,8.048,7.4735188484191895,1.1248499155044556,1.549697756767273,-18.11334800720215,-1.9677008390426636,-0.02872695028781891,24.707740783691406,0.2010057270526886
64,2021-03-06,5.756,7.605567932128906,1.1248499155044556,1.745514988899231,-18.11334800720215,-1.8921619653701782,-0.11746826767921448,24.707740783691406,0.15043820440769196
65,2021-03-07,7.848,6.855268955230713,1.1248499155044556,1.0886255502700806,-18.11334800720215,-1.8147226572036743,-0.15800930559635162,24.707740783691406,0.020134955644607544
66,2021-03-08,7.066,7.120353698730469,1.1248499155044556,0.6191161870956421,-18.11334800720215,-1.73556387424469,0.6807042360305786,24.707740783691406,-0.16314385831356049
67,2021-03-09,7.062,7.268996715545654,1.1248499155044556,1.527121901512146,-18.11334800720215,-1.6548728942871094,-0.0002231218240922317,24.707740783691406,-0.3222709596157074
68,2021-03-10,8.012,7.103984355926514,1.1248499155044556,1.5545848608016968,-18.11334800720215,-1.5728411674499512,-0.21282154321670532,24.707740783691406,-0.3841814696788788
69,2021-03-11,7.536,7.32692813873291,1.1248499155044556,1.5962474346160889,-18.11334800720215,-1.4896644353866577,-0.1634550243616104,24.707740783691406,-0.33544108271598816
70,2021-03-12,6.596,7.622947692871094,1.1248499155044556,1.5683705806732178,-18.11334800720215,-1.4055391550064087,-0.02872695028781891,24.707740783691406,-0.23039966821670532
71,2021-03-13,8.644,7.8214287757873535,1.1248499155044556,1.6854510307312012,-18.11334800720215,-1.3206645250320435,-0.11746826767921448,24.707740783691406,-0.14512999355793
72,2021-03-14,8.1,7.390419006347656,1.1248499155044556,1.1823971271514893,-18.11334800720215,-1.235237956047058,-0.15800930559635162,24.707740783691406,-0.11797402054071426
73,2021-03-15,7.152,7.774645805358887,1.1248499155044556,0.6515747904777527,-18.11334800720215,-1.1494544744491577,0.6807042360305786,24.707740783691406,-0.12741945683956146
74,2021-03-16,7.114,8.065446853637695,1.1248499155044556,1.5322329998016357,-18.11334800720215,-1.063508152961731,-0.0002231218240922317,24.707740783691406,-0.12229768186807632
75,2021-03-17,8.28,8.012797355651855,1.1248499155044556,1.5562818050384521,-18.11334800720215,-0.9775870442390442,-0.21282154321670532,24.707740783691406,-0.07231621444225311
76,2021-03-18,8.748,8.280588150024414,1.1248499155044556,1.608838677406311,-18.11334800720215,-0.8918750882148743,-0.1634550243616104,24.707740783691406,0.007835550233721733
77,2021-03-19,10.35,8.572121620178223,1.1248499155044556,1.609565019607544,-18.11334800720215,-0.8065495491027832,-0.02872695028781891,24.707740783691406,0.07859113067388535
78,2021-03-20,2.59,8.805745124816895,1.1248499155044556,1.8109345436096191,-18.11334800720215,-0.7217812538146973,-0.11746826767921448,24.707740783691406,0.1148182824254036
79,2021-03-21,5.286,8.008916854858398,1.1248499155044556,0.9613500237464905,-18.11334800720215,-0.6377323865890503,-0.15800930559635162,24.707740783691406,0.12406608462333679
80,2021-03-22,7.16,8.655311584472656,1.1248499155044556,0.681420087814331,-18.11334800720215,-0.5545569062232971,0.6807042360305786,24.707740783691406,0.12849979102611542
81,2021-03-23,8.278,8.923625946044922,1.1248499155044556,1.5433716773986816,-18.11334800720215,-0.4723990559577942,-0.0002231218240922317,24.707740783691406,0.13363227248191833
82,2021-03-24,8.796,8.83243465423584,1.1248499155044556,1.597713589668274,-18.11334800720215,-0.39139315485954285,-0.21282154321670532,24.707740783691406,0.11969515681266785
83,2021-03-25,9.342,8.943636894226074,1.1248499155044556,1.633097767829895,-18.11334800720215,-0.311663419008255,-0.1634550243616104,24.707740783691406,0.06641479581594467
84,2021-03-26,10.26,9.107348442077637,1.1248499155044556,1.6648979187011719,-18.11334800720215,-0.23332253098487854,-0.02872695028781891,24.707740783691406,-0.014742866158485413
85,2021-03-27,2.24,9.198901176452637,1.1248499155044556,1.8307273387908936,-18.11334800720215,-0.15647204220294952,-0.11746826767921448,24.707740783691406,-0.07712770253419876
86,2021-03-28,3.236,8.408013343811035,1.1248499155044556,1.0009764432907104,-18.11334800720215,-0.08120274543762207,-0.15800930559635162,24.707740783691406,-0.0729927271604538
87,2021-03-29,6.9,8.883031845092773,1.1248499155044556,0.4860101640224457,-18.11334800720215,-0.007593291345983744,0.6807042360305786,24.707740783691406,0.00466820877045393
88,2021-03-30,9.62,9.445755004882812,1.1248499155044556,1.5495483875274658,-18.11334800720215,0.06428937613964081,-0.0002231218240922317,24.707740783691406,0.11289643496274948
89,2021-03-31,11.206,9.472999572753906,1.1248499155044556,1.6390775442123413,-18.11334800720215,0.13438959419727325,-0.21282154321670532,24.707740783691406,0.1931125968694687
90,2021-04-01,11.448,9.692777633666992,1.1248499155044556,1.716124415397644,-18.11334800720215,0.20266342163085938,-0.1634550243616104,24.707740783691406,0.21820272505283356
91,2021-04-02,11.074,10.037280082702637,1.263027310371399,1.7311793565750122,-18.11334800720215,0.26907822489738464,-0.02872695028781891,24.707740783691406,0.2083316445350647
92,2021-04-03,1.636,10.160696983337402,1.263027310371399,1.8862165212631226,-18.11334800720215,0.3336125910282135,-0.11746826767921448,24.707740783691406,0.20091627538204193
93,2021-04-04,9.3,9.147010803222656,1.263027310371399,0.8465842604637146,-18.11334800720215,0.3962553143501282,-0.15800930559635162,24.707740783691406,0.20475904643535614
94,2021-04-05,10.232,9.863272666931152,1.263027310371399,0.6833546161651611,-18.11334800720215,0.4570063352584839,0.6807042360305786,24.707740783691406,0.18478743731975555
95,2021-04-06,11.306,10.105206489562988,1.263027310371399,1.6369937658309937,-18.11334800720215,0.5158752202987671,-0.0002231218240922317,24.707740783691406,0.09514174610376358
96,2021-04-07,11.188,9.824411392211914,1.263027310371399,1.6759413480758667,-18.11334800720215,0.5728810429573059,-0.21282154321670532,24.707740783691406,-0.06901081651449203
97,2021-04-08,10.25,9.734508514404297,1.263027310371399,1.663669466972351,-18.11334800720215,0.6280521750450134,-0.1634550243616104,24.707740783691406,-0.25117868185043335
98,2021-04-09,11.186,9.801450729370117,1.263027310371399,1.659352421760559,-18.11334800720215,0.6814250946044922,-0.02872695028781891,24.707740783691406,-0.3680194914340973
99,2021-04-10,11.804,9.91416072845459,1.263027310371399,1.812665343284607,-18.11334800720215,0.7330445647239685,-0.11746826767921448,24.707740783691406,-0.37149831652641296
100,2021-04-11,11.556,9.527400016784668,1.263027310371399,1.3299674987792969,-18.11334800720215,0.7829622626304626,-0.15800930559635162,24.707740783691406,-0.2849395275115967
101,2021-04-12,2.91,9.963509559631348,1.263027310371399,0.7756260633468628,-18.11334800720215,0.8312374353408813,0.6807042360305786,24.707740783691406,-0.18147839605808258
102,2021-04-13,7.286,10.063854217529297,1.263027310371399,1.4530889987945557,-18.11334800720215,0.8779343962669373,-0.0002231218240922317,24.707740783691406,-0.12436459213495255
103,2021-04-14,8.662,9.999701499938965,1.263027310371399,1.553220510482788,-18.11334800720215,0.9231237173080444,-0.21282154321670532,24.707740783691406,-0.12124212086200714
104,2021-04-15,10.31,10.132753372192383,1.263027310371399,1.6014741659164429,-18.11334800720215,0.9668805003166199,-0.1634550243616104,24.707740783691406,-0.12956635653972626
105,2021-04-16,7.646,10.345458984375,1.263027310371399,1.610487937927246,-18.11334800720215,1.009284257888794,-0.02872695028781891,24.707740783691406,-0.10300913453102112
106,2021-04-17,6.664,10.378044128417969,1.263027310371399,1.6213210821151733,-18.11334800720215,1.0504181385040283,-0.11746826767921448,24.707740783691406,-0.033649031072854996
107,2021-04-18,9.858,9.865150451660156,1.263027310371399,1.0286768674850464,-18.11334800720215,1.0903681516647339,-0.15800930559635162,24.707740783691406,0.04669498652219772
108,2021-04-19,9.96,10.435332298278809,1.263027310371399,0.6667248010635376,-18.11334800720215,1.1292229890823364,0.6807042360305786,24.707740783691406,0.10125932842493057
109,2021-04-20,10.666,10.66833209991455,1.263027310371399,1.522689700126648,-18.11334800720215,1.1670732498168945,-0.0002231218240922317,24.707740783691406,0.12137355655431747
110,2021-04-21,10.96,10.544855117797852,1.263027310371399,1.5703797340393066,-18.11334800720215,1.2040107250213623,-0.21282154321670532,24.707740783691406,0.12586888670921326
111,2021-04-22,10.772,10.668051719665527,1.263027310371399,1.602180004119873,-18.11334800720215,1.240127682685852,-0.1634550243616104,24.707740783691406,0.13177938759326935
112,2021-04-23,10.77,10.828916549682617,1.263027310371399,1.593960165977478,-18.11334800720215,1.2755171060562134,-0.02872695028781891,24.707740783691406,0.13074417412281036
113,2021-04-24,11.896,10.866617202758789,1.263027310371399,1.7181472778320312,-18.11334800720215,1.3102710247039795,-0.11746826767921448,24.707740783691406,0.09824804216623306
114,2021-04-25,12.752,10.275064468383789,1.263027310371399,1.2041990756988525,-18.11334800720215,1.3444815874099731,-0.15800930559635162,24.707740783691406,0.026974914595484734
115,2021-04-26,11.402,10.60271167755127,1.263027310371399,0.7381514310836792,-18.11334800720215,1.3782397508621216,0.6807042360305786,24.707740783691406,-0.05180375650525093
116,2021-04-27,9.516,10.783394813537598,1.263027310371399,1.5996754169464111,-18.11334800720215,1.4116333723068237,-0.0002231218240922317,24.707740783691406,-0.08511064946651459
117,2021-04-28,10.894,10.642573356628418,1.263027310371399,1.594835638999939,-18.11334800720215,1.4447499513626099,-0.21282154321670532,24.707740783691406,-0.04161207377910614
118,2021-04-29,9.372,10.881933212280273,1.263027310371399,1.6514312028884888,-18.11334800720215,1.4776734113693237,-0.1634550243616104,24.707740783691406,0.05886423960328102
119,2021-04-30,7.722,11.148642539978027,1.263027310371399,1.650100827217102,-18.11334800720215,1.510485053062439,-0.02872695028781891,24.707740783691406,0.15936212241649628
120,2021-05-01,3.714,11.266467094421387,1.263027310371399,1.771016240119934,-18.11334800720215,1.543262243270874,-0.11746826767921448,24.707740783691406,0.21223685145378113
121,2021-05-02,10.966,10.520974159240723,1.3306766748428345,0.9627143144607544,-18.11334800720215,1.5760796070098877,-0.15800930559635162,24.707740783691406,0.21512162685394287
122,2021-05-03,11.156,11.227764129638672,1.3306766748428345,0.8103110194206238,-18.11334800720215,1.6090075969696045,0.6807042360305786,24.707740783691406,0.20267289876937866
123,2021-05-04,2.734,11.408257484436035,1.3306766748428345,1.6385279893875122,-18.11334800720215,1.642111897468567,-0.0002231218240922317,24.707740783691406,0.20277157425880432
124,2021-05-05,12.446,11.146846771240234,1.3306766748428345,1.5581415891647339,-18.11334800720215,1.6754530668258667,-0.21282154321670532,24.707740783691406,0.2010057270526886
125,2021-05-06,11.304,10.755359649658203,1.3306766748428345,1.1342182159423828,-18.11334800720215,1.7090873718261719,-0.1634550243616104,24.707740783691406,0.15043820440769196
126,2021-05-07,8.602,11.35673713684082,1.3306766748428345,1.6971937417984009,-18.11334800720215,1.7430657148361206,-0.02872695028781891,24.707740783691406,0.020134955644607544
127,2021-05-08,7.154,11.142172813415527,1.3306766748428345,1.720285177230835,-18.11334800720215,1.7774319648742676,-0.11746826767921448,24.707740783691406,-0.16314385831356049
128,2021-05-09,11.83,10.204490661621094,1.3306766748428345,0.9474760890007019,-18.11334800720215,1.8122247457504272,-0.15800930559635162,24.707740783691406,-0.3222709596157074
129,2021-05-10,8.954,10.899130821228027,1.3306766748428345,0.8300631046295166,-18.11334800720215,1.8474767208099365,0.6807042360305786,24.707740783691406,-0.3841814696788788
130,2021-05-11,11.838,11.006061553955078,1.3306766748428345,1.533441424369812,-18.11334800720215,1.8832136392593384,-0.0002231218240922317,24.707740783691406,-0.33544108271598816
131,2021-05-12,12.036,11.105308532714844,1.3306766748428345,1.7040084600448608,-18.11334800720215,1.9194527864456177,-0.21282154321670532,24.707740783691406,-0.23039966821670532
132,2021-05-13,12.022,11.2955322265625,1.3306766748428345,1.722844123840332,-18.11334800720215,1.956206202507019,-0.1634550243616104,24.707740783691406,-0.14512999355793
133,2021-05-14,12.36,11.47796630859375,1.3306766748428345,1.7061192989349365,-18.11334800720215,1.9934767484664917,-0.02872695028781891,24.707740783691406,-0.11797402054071426
134,2021-05-15,3.532,11.615574836730957,1.3306766748428345,1.9041359424591064,-18.11334800720215,2.0312604904174805,-0.11746826767921448,24.707740783691406,-0.12741945683956146
135,2021-05-16,0.3,10.804303169250488,1.3306766748428345,1.089996576309204,-18.11334800720215,2.069545030593872,-0.15800930559635162,24.707740783691406,-0.12229768186807632
136,2021-05-17,5.608,11.025001525878906,1.3306766748428345,0.38323816657066345,-18.11334800720215,2.1083080768585205,0.6807042360305786,24.707740783691406,-0.07231621444225311
137,2021-05-18,11.084,11.607854843139648,1.3306766748428345,1.5276514291763306,-18.11334800720215,2.1475203037261963,-0.0002231218240922317,24.707740783691406,0.007835550233721733
138,2021-05-19,13.204,11.782946586608887,1.3306766748428345,1.8049681186676025,-18.11334800720215,2.187142848968506,-0.21282154321670532,24.707740783691406,0.07859113067388535
139,2021-05-20,6.416,11.251616477966309,1.3306766748428345,1.148058295249939,-18.11334800720215,2.22712779045105,-0.1634550243616104,24.707740783691406,0.1148182824254036
140,2021-05-21,7.084,11.864811897277832,1.3306766748428345,1.576984167098999,-18.11334800720215,2.267418146133423,-0.02872695028781891,24.707740783691406,0.12406608462333679
141,2021-05-22,12.506,11.983522415161133,1.3306766748428345,1.7394739389419556,-18.11334800720215,2.3079469203948975,-0.11746826767921448,24.707740783691406,0.12849979102611542
142,2021-05-23,11.708,11.58326244354248,1.3306766748428345,1.333931565284729,-18.11334800720215,2.348637580871582,-0.15800930559635162,24.707740783691406,0.13363227248191833
143,2021-05-24,11.344,11.857993125915527,1.3306766748428345,0.7431199550628662,-18.11334800720215,2.389404773712158,0.6807042360305786,24.707740783691406,0.11969515681266785
144,2021-05-25,8.998,12.025354385375977,1.3306766748428345,1.6039378643035889,-18.11334800720215,2.430152416229248,-0.0002231218240922317,24.707740783691406,0.06641479581594467
145,2021-05-26,11.092,11.778730392456055,1.3306766748428345,1.6104472875595093,-18.11334800720215,2.4707772731781006,-0.21282154321670532,24.707740783691406,-0.014742866158485413
146,2021-05-27,7.15,11.872452735900879,1.3306766748428345,1.6768035888671875,-18.11334800720215,2.511162042617798,-0.1634550243616104,24.707740783691406,-0.07712770253419876
147,2021-05-28,6.978,11.944668769836426,1.3306766748428345,1.5701353549957275,-18.11334800720215,2.551185369491577,-0.02872695028781891,24.707740783691406,-0.0729927271604538
148,2021-05-29,6.104,12.080796241760254,1.3306766748428345,1.6778149604797363,-18.11334800720215,2.590712785720825,-0.11746826767921448,24.707740783691406,0.00466820877045393
149,2021-05-30,8.42,11.661384582519531,1.3306766748428345,1.1518255472183228,-18.11334800720215,2.6296029090881348,-0.15800930559635162,24.707740783691406,0.11289643496274948
150,2021-05-31,10.022,12.219925880432129,1.3306766748428345,0.7533353567123413,-18.11334800720215,2.667705774307251,0.6807042360305786,24.707740783691406,0.1931125968694687
151,2021-06-01,10.17,12.38184928894043,1.3306766748428345,1.533936858177185,-18.11334800720215,2.7048630714416504,-0.0002231218240922317,24.707740783691406,0.21820272505283356
152,2021-06-02,11.884,12.401809692382812,1.4947623014450073,1.576237440109253,-18.11334800720215,2.7409090995788574,-0.21282154321670532,24.707740783691406,0.2083316445350647
153,2021-06-03,3.776,12.503239631652832,1.4947623014450073,1.6009514331817627,-18.11334800720215,2.7756705284118652,-0.1634550243616104,24.707740783691406,0.20091627538204193
154,2021-06-04,10.74,12.569546699523926,1.4947623014450073,1.4953895807266235,-18.11334800720215,2.8089683055877686,-0.02872695028781891,24.707740783691406,0.20475904643535614
155,2021-06-05,12.092,12.790067672729492,1.4947623014450073,1.7929743528366089,-18.11334800720215,2.840618133544922,-0.11746826767921448,24.707740783691406,0.18478743731975555
156,2021-06-06,11.194,12.131551742553711,1.4947623014450073,1.234831690788269,-18.11334800720215,2.870431900024414,-0.15800930559635162,24.707740783691406,0.09514174610376358
157,2021-06-07,10.608,12.257250785827637,1.4947623014450073,0.6581859588623047,-18.11334800720215,2.8982150554656982,0.6807042360305786,24.707740783691406,-0.06901081651449203
158,2021-06-08,11.202,12.280618667602539,1.4947623014450073,1.5190922021865845,-18.11334800720215,2.923772096633911,-0.0002231218240922317,24.707740783691406,-0.25117868185043335
159,2021-06-09,10.766,12.017266273498535,1.4947623014450073,1.5620445013046265,-18.11334800720215,2.946906805038452,-0.21282154321670532,24.707740783691406,-0.3680194914340973
160,2021-06-10,7.048,12.0916748046875,1.4947623014450073,1.5700539350509644,-18.11334800720215,2.9674198627471924,-0.1634550243616104,24.707740783691406,-0.37149831652641296
161,2021-06-11,10.528,12.338935852050781,1.4947623014450073,1.578334927558899,-18.11334800720215,2.9851138591766357,-0.02872695028781891,24.707740783691406,-0.2849395275115967
162,2021-06-12,11.464,12.429171562194824,1.4947623014450073,1.6391726732254028,-18.11334800720215,2.9997928142547607,-0.11746826767921448,24.707740783691406,-0.18147839605808258
163,2021-06-13,10.294,11.92519474029541,1.4947623014450073,1.1071490049362183,-18.11334800720215,3.0112650394439697,-0.15800930559635162,24.707740783691406,-0.12436459213495255
164,2021-06-14,11.21,12.272345542907715,1.4947623014450073,0.6043869853019714,-18.11334800720215,3.0193417072296143,0.6807042360305786,24.707740783691406,-0.12124212086200714
165,2021-06-15,9.212,12.508756637573242,1.4947623014450073,1.5255472660064697,-18.11334800720215,3.0238418579101562,-0.0002231218240922317,24.707740783691406,-0.12956635653972626
166,2021-06-16,12.496,12.328573226928711,1.4947623014450073,1.5306583642959595,-18.11334800720215,3.0245893001556396,-0.21282154321670532,24.707740783691406,-0.10300913453102112
167,2021-06-17,10.104,12.559913635253906,1.4947623014450073,1.6464422941207886,-18.11334800720215,3.021418809890747,-0.1634550243616104,24.707740783691406,-0.033649031072854996
168,2021-06-18,7.352,12.7380952835083,1.4947623014450073,1.6167938709259033,-18.11334800720215,3.014176607131958,-0.02872695028781891,24.707740783691406,0.04669498652219772
169,2021-06-19,12.086,12.788250923156738,1.4947623014450073,1.7125880718231201,-18.11334800720215,3.002716064453125,-0.11746826767921448,24.707740783691406,0.10125932842493057
170,2021-06-20,10.61,12.305977821350098,1.4947623014450073,1.2665504217147827,-18.11334800720215,2.986907720565796,-0.15800930559635162,24.707740783691406,0.12137355655431747
171,2021-06-21,12.168,12.56767463684082,1.4947623014450073,0.7053126692771912,-18.11334800720215,2.9666357040405273,0.6807042360305786,24.707740783691406,0.12586888670921326
172,2021-06-22,10.902,12.826810836791992,1.4947623014450073,1.6643004417419434,-18.11334800720215,2.941800355911255,-0.0002231218240922317,24.707740783691406,0.13177938759326935
173,2021-06-23,10.582,12.573707580566406,1.4947623014450073,1.6543092727661133,-18.11334800720215,2.912318468093872,-0.21282154321670532,24.707740783691406,0.13074417412281036
174,2021-06-24,10.94,12.554936408996582,1.4947623014450073,1.6528635025024414,-18.11334800720215,2.8781259059906006,-0.1634550243616104,24.707740783691406,0.09824804216623306
175,2021-06-25,11.898,12.620648384094238,1.4947623014450073,1.6940644979476929,-18.11334800720215,2.839179754257202,-0.02872695028781891,24.707740783691406,0.026974914595484734
176,2021-06-26,9.758,12.569382667541504,1.4947623014450073,1.854042887687683,-18.11334800720215,2.7954556941986084,-0.11746826767921448,24.707740783691406,-0.05180375650525093
177,2021-06-27,9.002,11.74581241607666,1.4947623014450073,1.1528232097625732,-18.11334800720215,2.746953248977661,-0.15800930559635162,24.707740783691406,-0.08511064946651459
178,2021-06-28,10.232,12.137672424316406,1.4947623014450073,0.7157317399978638,-18.11334800720215,2.6936943531036377,0.6807042360305786,24.707740783691406,-0.04161207377910614
179,2021-06-29,9.278,12.369674682617188,1.4947623014450073,1.5861543416976929,-18.11334800720215,2.6357250213623047,-0.0002231218240922317,24.707740783691406,0.05886423960328102
180,2021-06-30,10.348,12.239572525024414,1.4947623014450073,1.6307626962661743,-18.11334800720215,2.5731146335601807,-0.21282154321670532,24.707740783691406,0.15936212241649628
181,2021-07-01,11.636,12.296141624450684,1.4947623014450073,1.6522457599639893,-18.11334800720215,2.5059585571289062,-0.1634550243616104,24.707740783691406,0.21223685145378113
182,2021-07-02,12.0,12.52116870880127,1.6343789100646973,1.6716245412826538,-18.11334800720215,2.434377670288086,-0.02872695028781891,24.707740783691406,0.21512162685394287
183,2021-07-03,4.828,12.481405258178711,1.6343789100646973,1.808911681175232,-18.11334800720215,2.358517646789551,-0.11746826767921448,24.707740783691406,0.20267289876937866
184,2021-07-04,3.216,11.525529861450195,1.6343789100646973,0.97344571352005,-18.11334800720215,2.278550148010254,-0.15800930559635162,24.707740783691406,0.20277157425880432
185,2021-07-05,11.176,11.73145580291748,1.6343789100646973,0.4262990951538086,-18.11334800720215,2.1946730613708496,0.6807042360305786,24.707740783691406,0.2010057270526886
186,2021-07-06,11.546,12.091894149780273,1.6343789100646973,1.6057978868484497,-18.11334800720215,2.107107639312744,-0.0002231218240922317,24.707740783691406,0.15043820440769196
187,2021-07-07,10.112,11.716480255126953,1.6343789100646973,1.6642937660217285,-18.11334800720215,2.0161020755767822,-0.21282154321670532,24.707740783691406,0.020134955644607544
188,2021-07-08,9.918,11.383787155151367,1.6343789100646973,1.5596891641616821,-18.11334800720215,1.9219270944595337,-0.1634550243616104,24.707740783691406,-0.16314385831356049
189,2021-07-09,11.418,11.175636291503906,1.6343789100646973,1.4729835987091064,-18.11334800720215,1.8248776197433472,-0.02872695028781891,24.707740783691406,-0.3222709596157074
190,2021-07-10,9.74,10.999141693115234,1.6343789100646973,1.546751856803894,-18.11334800720215,1.7252702713012695,-0.11746826767921448,24.707740783691406,-0.3841814696788788
191,2021-07-11,7.696,10.131275177001953,1.6343789100646973,0.7725105285644531,-18.11334800720215,1.6234434843063354,-0.15800930559635162,24.707740783691406,-0.33544108271598816
192,2021-07-12,10.646,10.49608325958252,1.6343789100646973,0.2972520589828491,-18.11334800720215,1.5197545289993286,0.6807042360305786,24.707740783691406,-0.23039966821670532
193,2021-07-13,10.982,10.757067680358887,1.6343789100646973,1.2590703964233398,-18.11334800720215,1.4145796298980713,-0.0002231218240922317,24.707740783691406,-0.14512999355793
194,2021-07-14,10.56,10.459202766418457,1.6343789100646973,1.2529140710830688,-18.11334800720215,1.308310627937317,-0.21282154321670532,24.707740783691406,-0.11797402054071426
195,2021-07-15,7.994,10.377583503723145,1.6343789100646973,1.238334059715271,-18.11334800720215,1.2013548612594604,-0.1634550243616104,24.707740783691406,-0.12741945683956146
196,2021-07-16,10.114,10.380939483642578,1.6343789100646973,1.2090590000152588,-18.11334800720215,1.094132423400879,-0.02872695028781891,24.707740783691406,-0.12229768186807632
197,2021-07-17,10.156,10.309382438659668,1.6343789100646973,1.283322811126709,-18.11334800720215,0.9870733022689819,-0.11746826767921448,24.707740783691406,-0.07231621444225311
198,2021-07-18,8.892,9.591525077819824,1.6343789100646973,0.6323114037513733,-18.11334800720215,0.8806153535842896,-0.15800930559635162,24.707740783691406,0.007835550233721733
199,2021-07-19,9.49,10.015647888183594,1.6343789100646973,0.2523788511753082,-18.11334800720215,0.775204062461853,0.6807042360305786,24.707740783691406,0.07859113067388535
200,2021-07-20,11.478,10.222402572631836,1.6343789100646973,1.2077488899230957,-18.11334800720215,0.6712867021560669,-0.0002231218240922317,24.707740783691406,0.1148182824254036
201,2021-07-21,10.858,9.967693328857422,1.6343789100646973,1.2583644390106201,-18.11334800720215,0.5693122148513794,-0.21282154321670532,24.707740783691406,0.12406608462333679
202,2021-07-22,10.222,9.909765243530273,1.6343789100646973,1.2462214231491089,-18.11334800720215,0.4697285294532776,-0.1634550243616104,24.707740783691406,0.12849979102611542
203,2021-07-23,10.452,9.913578987121582,1.6343789100646973,1.2069209814071655,-18.11334800720215,0.3729780912399292,-0.02872695028781891,24.707740783691406,0.13363227248191833
204,2021-07-24,9.004,9.806666374206543,1.6343789100646973,1.29617178440094,-18.11334800720215,0.27949732542037964,-0.11746826767921448,24.707740783691406,0.11969515681266785
205,2021-07-25,8.252,8.933157920837402,1.6343789100646973,0.6062670946121216,-18.11334800720215,0.1897132694721222,-0.15800930559635162,24.707740783691406,0.06641479581594467
206,2021-07-26,10.716,9.2007417678833,1.6343789100646973,0.20196686685085297,-18.11334800720215,0.10404083877801895,0.6807042360305786,24.707740783691406,-0.014742866158485413
207,2021-07-27,10.184,9.383147239685059,1.6343789100646973,1.2088485956192017,-18.11334800720215,0.02287931554019451,-0.0002231218240922317,24.707740783691406,-0.07712770253419876
208,2021-07-28,10.336,9.098247528076172,1.6343789100646973,1.2086788415908813,-18.11334800720215,-0.05338757112622261,-0.21282154321670532,24.707740783691406,-0.0729927271604538
209,2021-07-29,9.134,9.151626586914062,1.6343789100646973,1.206038475036621,-18.11334800720215,-0.12439700216054916,-0.1634550243616104,24.707740783691406,0.00466820877045393
210,2021-07-30,10.638,9.320294380187988,1.6343789100646973,1.1971601247787476,-18.11334800720215,-0.18980807065963745,-0.02872695028781891,24.707740783691406,0.11289643496274948
211,2021-07-31,8.998,9.318085670471191,1.6343789100646973,1.262973427772522,-18.11334800720215,-0.24930307269096375,-0.11746826767921448,24.707740783691406,0.1931125968694687
212,2021-08-01,4.392,8.577472686767578,1.6343789100646973,0.5910966992378235,-18.11334800720215,-0.3025921881198883,-0.15800930559635162,24.707740783691406,0.21820272505283356
213,2021-08-02,9.232,9.180098533630371,1.8438040018081665,0.20227910578250885,-18.11334800720215,-0.3494131565093994,0.6807042360305786,24.707740783691406,0.2083316445350647
214,2021-08-03,10.974,9.36667251586914,1.8438040018081665,1.1173169612884521,-18.11334800720215,-0.3895335793495178,-0.0002231218240922317,24.707740783691406,0.20091627538204193
215,2021-08-04,10.87,9.179971694946289,1.8438040018081665,1.1725889444351196,-18.11334800720215,-0.4227530360221863,-0.21282154321670532,24.707740783691406,0.20475904643535614
216,2021-08-05,10.896,9.196049690246582,1.8438040018081665,1.1854243278503418,-18.11334800720215,-0.4489045739173889,-0.1634550243616104,24.707740783691406,0.18478743731975555
217,2021-08-06,10.644,9.25012493133545,1.8438040018081665,1.2133691310882568,-18.11334800720215,-0.46785590052604675,-0.02872695028781891,24.707740783691406,0.09514174610376358
218,2021-08-07,10.832,9.041794776916504,1.8438040018081665,1.2695845365524292,-18.11334800720215,-0.47950923442840576,-0.11746826767921448,24.707740783691406,-0.06901081651449203
219,2021-08-08,8.838,8.224603652954102,1.8438040018081665,0.6793974041938782,-18.11334800720215,-0.48380351066589355,-0.15800930559635162,24.707740783691406,-0.25117868185043335
220,2021-08-09,11.876,8.545400619506836,1.8438040018081665,0.27523288130760193,-18.11334800720215,-0.48071515560150146,0.6807042360305786,24.707740783691406,-0.3680194914340973
221,2021-08-10,12.25,8.859823226928711,1.8438040018081665,1.2636046409606934,-18.11334800720215,-0.4702562689781189,-0.0002231218240922317,24.707740783691406,-0.37149831652641296
222,2021-08-11,12.144,8.774794578552246,1.8438040018081665,1.2868387699127197,-18.11334800720215,-0.45247727632522583,-0.21282154321670532,24.707740783691406,-0.2849395275115967
223,2021-08-12,8.416,8.951135635375977,1.8438040018081665,1.2853387594223022,-18.11334800720215,-0.42746540904045105,-0.1634550243616104,24.707740783691406,-0.18147839605808258
224,2021-08-13,11.824,9.146730422973633,1.8438040018081665,1.256973147392273,-18.11334800720215,-0.39534422755241394,-0.02872695028781891,24.707740783691406,-0.12436459213495255
225,2021-08-14,12.18,9.188453674316406,1.8438040018081665,1.3452398777008057,-18.11334800720215,-0.3562730550765991,-0.11746826767921448,24.707740783691406,-0.12124212086200714
226,2021-08-15,11.374,8.569331169128418,1.8438040018081665,0.7291577458381653,-18.11334800720215,-0.310447096824646,-0.15800930559635162,24.707740783691406,-0.12956635653972626
227,2021-08-16,12.006,9.148320198059082,1.8438040018081665,0.3905212879180908,-18.11334800720215,-0.25809481739997864,0.6807042360305786,24.707740783691406,-0.10300913453102112
228,2021-08-17,7.588,8.865347862243652,1.8438040018081665,0.6605005264282227,-18.11334800720215,-0.19947749376296997,-0.0002231218240922317,24.707740783691406,-0.033649031072854996
229,2021-08-18,11.016,9.46127986907959,1.8438040018081665,1.3240963220596313,-18.11334800720215,-0.13488762080669403,-0.21282154321670532,24.707740783691406,0.04669498652219772
230,2021-08-19,13.218,9.640019416809082,1.8438040018081665,1.3286643028259277,-18.11334800720215,-0.06464684754610062,-0.1634550243616104,24.707740783691406,0.10125932842493057
231,2021-08-20,12.442,9.902236938476562,1.8438040018081665,1.3604985475540161,-18.11334800720215,0.010895940475165844,-0.02872695028781891,24.707740783691406,0.12137355655431747
232,2021-08-21,3.664,9.957478523254395,1.8438040018081665,1.419517159461975,-18.11334800720215,0.09136679023504257,-0.11746826767921448,24.707740783691406,0.12586888670921326
233,2021-08-22,11.918,9.1679105758667,1.8438040018081665,0.5795780420303345,-18.11334800720215,0.1763678938150406,-0.15800930559635162,24.707740783691406,0.13177938759326935
234,2021-08-23,4.47,9.922957420349121,1.8438040018081665,0.4078298509120941,-18.11334800720215,0.2654818296432495,0.6807042360305786,24.707740783691406,0.13074417412281036
235,2021-08-24,3.98,10.193543434143066,1.8438040018081665,1.299049735069275,-18.11334800720215,0.35827288031578064,-0.0002231218240922317,24.707740783691406,0.09824804216623306
236,2021-08-25,9.852,9.977413177490234,1.8438040018081665,1.2707724571228027,-18.11334800720215,0.4542904198169708,-0.21282154321670532,24.707740783691406,0.026974914595484734
237,2021-08-26,10.622,10.159638404846191,1.8438040018081665,1.3836308717727661,-18.11334800720215,0.5530703067779541,-0.1634550243616104,24.707740783691406,-0.05180375650525093
238,2021-08-27,7.45,10.359537124633789,1.8438040018081665,1.381037950515747,-18.11334800720215,0.6541396975517273,-0.02872695028781891,24.707740783691406,-0.08511064946651459
239,2021-08-28,12.818,10.450437545776367,1.8438040018081665,1.4143043756484985,-18.11334800720215,0.757018506526947,-0.11746826767921448,24.707740783691406,-0.04161207377910614
240,2021-08-29,12.204,10.098647117614746,1.8438040018081665,0.8983741402626038,-18.11334800720215,0.8612217903137207,-0.15800930559635162,24.707740783691406,0.05886423960328102
241,2021-08-30,13.242,10.724946022033691,1.8438040018081665,0.4804171025753021,-18.11334800720215,0.9662649035453796,0.6807042360305786,24.707740783691406,0.15936212241649628
242,2021-08-31,2.69,11.102856636047363,1.8438040018081665,1.380983591079712,-18.11334800720215,1.0716630220413208,-0.0002231218240922317,24.707740783691406,0.21223685145378113
243,2021-09-01,10.466,10.91679573059082,1.8438040018081665,1.299362063407898,-18.11334800720215,1.176937460899353,-0.21282154321670532,24.707740783691406,0.21512162685394287
244,2021-09-02,13.036,11.266443252563477,1.984140396118164,1.3670756816864014,-18.11334800720215,1.281615972518921,-0.1634550243616104,24.707740783691406,0.20267289876937866
245,2021-09-03,14.56,11.531704902648926,1.984140396118164,1.3938937187194824,-18.11334800720215,1.3852357864379883,-0.02872695028781891,24.707740783691406,0.20277157425880432
246,2021-09-04,15.184,11.7210054397583,1.984140396118164,1.5715879201889038,-18.11334800720215,1.4873467683792114,-0.11746826767921448,24.707740783691406,0.2010057270526886
247,2021-09-05,14.042,11.2062349319458,1.984140396118164,1.0477570295333862,-18.11334800720215,1.5875141620635986,-0.15800930559635162,24.707740783691406,0.15043820440769196
248,2021-09-06,7.042,11.554146766662598,1.984140396118164,0.5894540548324585,-18.11334800720215,1.685319185256958,0.6807042360305786,24.707740783691406,0.020134955644607544
249,2021-09-07,1.178,11.599221229553223,1.984140396118164,1.4036952257156372,-18.11334800720215,1.780362844467163,-0.0002231218240922317,24.707740783691406,-0.16314385831356049
250,2021-09-08,11.99,11.222305297851562,1.984140396118164,1.3065977096557617,-18.11334800720215,1.8722668886184692,-0.21282154321670532,24.707740783691406,-0.3222709596157074
251,2021-09-09,13.222,11.472980499267578,1.984140396118164,1.4814071655273438,-18.11334800720215,1.960676670074463,-0.1634550243616104,24.707740783691406,-0.3841814696788788
252,2021-09-10,13.328,11.740813255310059,1.984140396118164,1.4811898469924927,-18.11334800720215,2.0452606678009033,-0.02872695028781891,24.707740783691406,-0.33544108271598816
253,2021-09-11,13.766,11.943436622619629,1.984140396118164,1.587057113647461,-18.11334800720215,2.1257147789001465,-0.11746826767921448,24.707740783691406,-0.23039966821670532
254,2021-09-12,13.08,11.590411186218262,1.984140396118164,1.113257884979248,-18.11334800720215,2.2017595767974854,-0.15800930559635162,24.707740783691406,-0.14512999355793
255,2021-09-13,12.614,12.044169425964355,1.984140396118164,0.6297592520713806,-18.11334800720215,2.2731456756591797,0.6807042360305786,24.707740783691406,-0.11797402054071426
256,2021-09-14,12.646,12.242243766784668,1.984140396118164,1.4517041444778442,-18.11334800720215,2.339651107788086,-0.0002231218240922317,24.707740783691406,-0.12741945683956146
257,2021-09-15,12.718,12.120030403137207,1.984140396118164,1.4755357503890991,-18.11334800720215,2.4010822772979736,-0.21282154321670532,24.707740783691406,-0.12229768186807632
258,2021-09-16,13.51,12.348798751831055,1.984140396118164,1.548761010169983,-18.11334800720215,2.4572765827178955,-0.1634550243616104,24.707740783691406,-0.07231621444225311
259,2021-09-17,13.83,12.62012767791748,1.984140396118164,1.5543880462646484,-18.11334800720215,2.508098602294922,-0.02872695028781891,24.707740783691406,0.007835550233721733
260,2021-09-18,12.54,12.769088745117188,1.984140396118164,1.6759891510009766,-18.11334800720215,2.553443670272827,-0.11746826767921448,24.707740783691406,0.07859113067388535
261,2021-09-19,10.596,12.075331687927246,1.984140396118164,0.9467566013336182,-18.11334800720215,2.5932347774505615,-0.15800930559635162,24.707740783691406,0.1148182824254036
262,2021-09-20,9.514,12.489821434020996,1.984140396118164,0.4790935516357422,-18.11334800720215,2.62742280960083,0.6807042360305786,24.707740783691406,0.12406608462333679
263,2021-09-21,7.432,11.59589958190918,1.984140396118164,0.23310187458992004,-18.11334800720215,2.6559865474700928,-0.0002231218240922317,24.707740783691406,0.12849979102611542
264,2021-09-22,10.58,11.25305461883545,1.984140396118164,0.07477966696023941,-18.11334800720215,2.6789300441741943,-0.21282154321670532,24.707740783691406,0.13363227248191833
265,2021-09-23,13.218,11.740413665771484,1.984140396118164,0.5093596577644348,-18.11334800720215,2.6962833404541016,-0.1634550243616104,24.707740783691406,0.11969515681266785
266,2021-09-24,13.664,12.718853950500488,1.984140396118164,1.3945317268371582,-18.11334800720215,2.708098888397217,-0.02872695028781891,24.707740783691406,0.06641479581594467
267,2021-09-25,13.542,12.705618858337402,1.984140396118164,1.5448445081710815,-18.11334800720215,2.7144522666931152,-0.11746826767921448,24.707740783691406,-0.014742866158485413
268,2021-09-26,13.616,12.050932884216309,1.984140396118164,0.9920981526374817,-18.11334800720215,2.7154393196105957,-0.15800930559635162,24.707740783691406,-0.07712770253419876
269,2021-09-27,11.354,12.47663688659668,1.984140396118164,0.5792182683944702,-18.11334800720215,2.711174726486206,0.6807042360305786,24.707740783691406,-0.0729927271604538
270,2021-09-28,7.302,12.725420951843262,1.984140396118164,1.4406540393829346,-18.11334800720215,2.701789140701294,-0.0002231218240922317,24.707740783691406,0.00466820877045393
271,2021-09-29,5.252,12.611090660095215,1.984140396118164,1.4450525045394897,-18.11334800720215,2.6874303817749023,-0.21282154321670532,24.707740783691406,0.11289643496274948
272,2021-09-30,13.082,12.653453826904297,1.984140396118164,1.37700617313385,-18.11334800720215,2.668257713317871,-0.1634550243616104,24.707740783691406,0.1931125968694687
273,2021-10-01,12.176,12.925592422485352,1.984140396118164,1.5131393671035767,-18.11334800720215,2.644442558288574,-0.02872695028781891,24.707740783691406,0.21820272505283356
274,2021-10-02,13.204,13.02514362335205,2.076258659362793,1.6474672555923462,-18.11334800720215,2.616163969039917,-0.11746826767921448,24.707740783691406,0.2083316445350647
275,2021-10-03,13.926,12.439851760864258,2.076258659362793,1.142682433128357,-18.11334800720215,2.583611011505127,-0.15800930559635162,24.707740783691406,0.20091627538204193
276,2021-10-04,7.594,12.832388877868652,2.076258659362793,0.729300320148468,-18.11334800720215,2.5469751358032227,0.6807042360305786,24.707740783691406,0.20475904643535614
277,2021-10-05,10.248,12.074604988098145,2.076258659362793,0.7129352688789368,-18.11334800720215,2.5064523220062256,-0.0002231218240922317,24.707740783691406,0.18478743731975555
278,2021-10-06,7.41,12.475462913513184,2.076258659362793,1.4602500200271606,-18.11334800720215,2.462240219116211,-0.21282154321670532,24.707740783691406,0.09514174610376358
279,2021-10-07,10.308,12.310188293457031,2.076258659362793,1.4574670791625977,-18.11334800720215,2.414536237716675,-0.1634550243616104,24.707740783691406,-0.06901081651449203
280,2021-10-08,6.074,12.234576225280762,2.076258659362793,1.480293869972229,-18.11334800720215,2.363534688949585,-0.02872695028781891,24.707740783691406,-0.25117868185043335
281,2021-10-09,11.336,12.114106178283691,2.076258659362793,1.6195156574249268,-18.11334800720215,2.30942702293396,-0.11746826767921448,24.707740783691406,-0.3680194914340973
282,2021-10-10,3.48,11.440170288085938,2.076258659362793,1.0466302633285522,-18.11334800720215,2.252399444580078,-0.15800930559635162,24.707740783691406,-0.37149831652641296
283,2021-10-11,11.192,11.803743362426758,2.076258659362793,0.5446962118148804,-18.11334800720215,2.192631721496582,0.6807042360305786,24.707740783691406,-0.2849395275115967
284,2021-10-12,11.64,11.509562492370605,2.076258659362793,0.8903171420097351,-18.11334800720215,2.130295753479004,-0.0002231218240922317,24.707740783691406,-0.18147839605808258
285,2021-10-13,12.562,11.915099143981934,2.076258659362793,1.5160784721374512,-18.11334800720215,2.0655550956726074,-0.21282154321670532,24.707740783691406,-0.12436459213495255
286,2021-10-14,12.85,11.963762283325195,2.076258659362793,1.5792443752288818,-18.11334800720215,1.9985638856887817,-0.1634550243616104,24.707740783691406,-0.12124212086200714
287,2021-10-15,11.29,11.9888277053833,2.076258659362793,1.547002911567688,-18.11334800720215,1.9294652938842773,-0.02872695028781891,24.707740783691406,-0.12956635653972626
288,2021-10-16,7.82,11.948467254638672,2.076258659362793,1.6398990154266357,-18.11334800720215,1.8583918809890747,-0.11746826767921448,24.707740783691406,-0.10300913453102112
289,2021-10-17,6.438,11.40617561340332,2.076258659362793,1.1417186260223389,-18.11334800720215,1.7854653596878052,-0.15800930559635162,24.707740783691406,-0.033649031072854996
290,2021-10-18,7.526,11.694458961486816,2.076258659362793,0.5856122970581055,-18.11334800720215,1.7107957601547241,0.6807042360305786,24.707740783691406,0.04669498652219772
291,2021-10-19,8.604,11.8517427444458,2.076258659362793,1.4455751180648804,-18.11334800720215,1.6344819068908691,-0.0002231218240922317,24.707740783691406,0.10125932842493057
292,2021-10-20,9.734,11.62468147277832,2.076258659362793,1.4888668060302734,-18.11334800720215,1.5566105842590332,-0.21282154321670532,24.707740783691406,0.12137355655431747
293,2021-10-21,10.014,11.674952507019043,2.076258659362793,1.5646305084228516,-18.11334800720215,1.4772582054138184,-0.1634550243616104,24.707740783691406,0.12586888670921326
294,2021-10-22,11.18,11.732074737548828,2.076258659362793,1.5618816614151,-18.11334800720215,1.3964908123016357,-0.02872695028781891,24.707740783691406,0.13177938759326935
295,2021-10-23,10.384,11.695858001708984,2.076258659362793,1.6975669860839844,-18.11334800720215,1.3143634796142578,-0.11746826767921448,24.707740783691406,0.13074417412281036
296,2021-10-24,9.84,11.100534439086914,2.076258659362793,1.258724331855774,-18.11334800720215,1.230922818183899,-0.15800930559635162,24.707740783691406,0.09824804216623306
297,2021-10-25,10.66,11.265649795532227,2.076258659362793,0.7411108613014221,-18.11334800720215,1.1462068557739258,0.6807042360305786,24.707740783691406,0.026974914595484734
298,2021-10-26,11.468,11.237261772155762,2.076258659362793,1.5583927631378174,-18.11334800720215,1.0602459907531738,-0.0002231218240922317,24.707740783691406,-0.05180375650525093
299,2021-10-27,11.236,10.952438354492188,2.076258659362793,1.6066529750823975,-18.11334800720215,0.973064124584198,-0.21282154321670532,24.707740783691406,-0.08511064946651459
300,2021-10-28,11.618,11.004249572753906,2.076258659362793,1.6539833545684814,-18.11334800720215,0.8846802115440369,-0.1634550243616104,24.707740783691406,-0.04161207377910614
301,2021-10-29,11.844,11.144621849060059,2.076258659362793,1.6487230062484741,-18.11334800720215,0.7951091527938843,-0.02872695028781891,24.707740783691406,0.05886423960328102
302,2021-10-30,10.536,11.211532592773438,2.076258659362793,1.794623851776123,-18.11334800720215,0.7043627500534058,-0.11746826767921448,24.707740783691406,0.15936212241649628
303,2021-10-31,8.61,10.677237510681152,2.076258659362793,1.33990478515625,-18.11334800720215,0.6124517917633057,-0.15800930559635162,24.707740783691406,0.21223685145378113
304,2021-11-01,10.632,10.94469928741455,2.076258659362793,0.8588359951972961,-18.11334800720215,0.5193865299224854,0.6807042360305786,24.707740783691406,0.21512162685394287
305,2021-11-02,11.508,11.041436195373535,2.2295491695404053,1.589867115020752,-18.11334800720215,0.42517852783203125,-0.0002231218240922317,24.707740783691406,0.20267289876937866
306,2021-11-03,11.33,10.771197319030762,2.2295491695404053,1.6274640560150146,-18.11334800720215,0.3298417031764984,-0.21282154321670532,24.707740783691406,0.20277157425880432
307,2021-11-04,11.29,10.77258014678955,2.2295491695404053,1.6776925325393677,-18.11334800720215,0.23339426517486572,-0.1634550243616104,24.707740783691406,0.2010057270526886
308,2021-11-05,11.95,10.750109672546387,2.2295491695404053,1.6685971021652222,-18.11334800720215,0.13585931062698364,-0.02872695028781891,24.707740783691406,0.15043820440769196
309,2021-11-06,11.27,10.618446350097656,2.2295491695404053,1.8545724153518677,-18.11334800720215,0.0372655987739563,-0.11746826767921448,24.707740783691406,0.020134955644607544
310,2021-11-07,10.56,9.84005355834961,2.2295491695404053,1.39961576461792,-18.11334800720215,-0.06235054135322571,-0.15800930559635162,24.707740783691406,-0.16314385831356049
311,2021-11-08,1.796,9.896865844726562,2.2295491695404053,0.8774341940879822,-18.11334800720215,-0.1629440188407898,0.6807042360305786,24.707740783691406,-0.3222709596157074
312,2021-11-09,3.904,9.648612976074219,2.2295491695404053,1.473540186882019,-18.11334800720215,-0.26446136832237244,-0.0002231218240922317,24.707740783691406,-0.3841814696788788
313,2021-11-10,7.078,9.474723815917969,2.2295491695404053,1.565886378288269,-18.11334800720215,-0.366838276386261,-0.21282154321670532,24.707740783691406,-0.33544108271598816
314,2021-11-11,8.1,9.647126197814941,2.2295491695404053,1.6870393753051758,-18.11334800720215,-0.47000014781951904,-0.1634550243616104,24.707740783691406,-0.23039966821670532
315,2021-11-12,8.068,9.801040649414062,2.2295491695404053,1.724819540977478,-18.11334800720215,-0.5738614797592163,-0.02872695028781891,24.707740783691406,-0.14512999355793
316,2021-11-13,7.962,9.736347198486328,2.2295491695404053,1.8261725902557373,-18.11334800720215,-0.6783246994018555,-0.11746826767921448,24.707740783691406,-0.11797402054071426
317,2021-11-14,8.412,9.065040588378906,2.2295491695404053,1.3098082542419434,-18.11334800720215,-0.7832808494567871,-0.15800930559635162,24.707740783691406,-0.12741945683956146
318,2021-11-15,9.348,9.276656150817871,2.2295491695404053,0.7829160094261169,-18.11334800720215,-0.8886085152626038,0.6807042360305786,24.707740783691406,-0.12229768186807632
319,2021-11-16,9.772,9.358809471130371,2.2295491695404053,1.6015827655792236,-18.11334800720215,-0.994175136089325,-0.0002231218240922317,24.707740783691406,-0.07231621444225311
320,2021-11-17,9.51,9.171774864196777,2.2295491695404053,1.6526529788970947,-18.11334800720215,-1.0998358726501465,-0.21282154321670532,24.707740783691406,0.007835550233721733
321,2021-11-18,9.598,9.216486930847168,2.2295491695404053,1.6828445196151733,-18.11334800720215,-1.205435037612915,-0.1634550243616104,24.707740783691406,0.07859113067388535
322,2021-11-19,10.072,9.255684852600098,2.2295491695404053,1.6564608812332153,-18.11334800720215,-1.3108066320419312,-0.02872695028781891,24.707740783691406,0.1148182824254036
323,2021-11-20,8.238,9.260469436645508,2.2295491695404053,1.8457008600234985,-18.11334800720215,-1.4157733917236328,-0.11746826767921448,24.707740783691406,0.12406608462333679
324,2021-11-21,6.226,8.699131965637207,2.2295491695404053,1.4248522520065308,-18.11334800720215,-1.5201506614685059,-0.15800930559635162,24.707740783691406,0.12849979102611542
325,2021-11-22,6.234,8.740419387817383,2.2295491695404053,0.7258860468864441,-18.11334800720215,-1.623744010925293,0.6807042360305786,24.707740783691406,0.13363227248191833
326,2021-11-23,6.186,8.82758903503418,2.2295491695404053,1.6105289459228516,-18.11334800720215,-1.7263526916503906,-0.0002231218240922317,24.707740783691406,0.11969515681266785
327,2021-11-24,7.268,8.474236488342285,2.2295491695404053,1.6244707107543945,-18.11334800720215,-1.8277696371078491,-0.21282154321670532,24.707740783691406,0.06641479581594467
328,2021-11-25,7.666,8.380084037780762,2.2295491695404053,1.6621217727661133,-18.11334800720215,-1.9277833700180054,-0.1634550243616104,24.707740783691406,-0.014742866158485413
329,2021-11-26,7.408,8.390734672546387,2.2295491695404053,1.6988294124603271,-18.11334800720215,-2.026179790496826,-0.02872695028781891,24.707740783691406,-0.07712770253419876
330,2021-11-27,6.572,8.32156753540039,2.2295491695404053,1.8108325004577637,-18.11334800720215,-2.1227424144744873,-0.11746826767921448,24.707740783691406,-0.0729927271604538
331,2021-11-28,6.248,7.725043296813965,2.2295491695404053,1.2716954946517944,-18.11334800720215,-2.217254161834717,-0.15800930559635162,24.707740783691406,0.00466820877045393
332,2021-11-29,8.454,8.097989082336426,2.2295491695404053,0.789948046207428,-18.11334800720215,-2.3095006942749023,0.6807042360305786,24.707740783691406,0.11289643496274948
333,2021-11-30,2.648,8.225483894348145,2.2295491695404053,1.6079221963882446,-18.11334800720215,-2.3992700576782227,-0.0002231218240922317,24.707740783691406,0.1931125968694687
334,2021-12-01,5.412,7.844396591186523,2.2295491695404053,1.5014307498931885,-18.11334800720215,-2.4863548278808594,-0.21282154321670532,24.707740783691406,0.21820272505283356
335,2021-12-02,6.152,8.028142929077148,2.340378761291504,1.6190472841262817,-18.11334800720215,-2.57055401802063,-0.1634550243616104,24.707740783691406,0.2083316445350647
336,2021-12-03,6.342,8.053581237792969,2.340378761291504,1.5982974767684937,-18.11334800720215,-2.6516761779785156,-0.02872695028781891,24.707740783691406,0.20091627538204193
337,2021-12-04,5.46,8.031441688537598,2.340378761291504,1.7389174699783325,-18.11334800720215,-2.729536533355713,-0.11746826767921448,24.707740783691406,0.20475904643535614
338,2021-12-05,5.494,7.267597675323486,2.340378761291504,1.110013484954834,-18.11334800720215,-2.803964614868164,-0.15800930559635162,24.707740783691406,0.18478743731975555
339,2021-12-06,7.536,7.434998512268066,2.340378761291504,0.5991808176040649,-18.11334800720215,-2.874800443649292,0.6807042360305786,24.707740783691406,0.09514174610376358
340,2021-12-07,7.892,7.4448747634887695,2.340378761291504,1.5212372541427612,-18.11334800720215,-2.9419002532958984,-0.0002231218240922317,24.707740783691406,-0.06901081651449203
341,2021-12-08,7.932,7.021744251251221,2.340378761291504,1.5561052560806274,-18.11334800720215,-3.0051331520080566,-0.21282154321670532,24.707740783691406,-0.25117868185043335
342,2021-12-09,8.086,6.899338245391846,2.340378761291504,1.5604290962219238,-18.11334800720215,-3.064387321472168,-0.1634550243616104,24.707740783691406,-0.3680194914340973
343,2021-12-10,6.766,6.971647262573242,2.340378761291504,1.556668758392334,-18.11334800720215,-3.1195669174194336,-0.02872695028781891,24.707740783691406,-0.37149831652641296
344,2021-12-11,6.562,7.010598659515381,2.340378761291504,1.6488316059112549,-18.11334800720215,-3.170595169067383,-0.11746826767921448,24.707740783691406,-0.2849395275115967
345,2021-12-12,4.37,6.42310094833374,2.340378761291504,1.0452319383621216,-18.11334800720215,-3.2174160480499268,-0.15800930559635162,24.707740783691406,-0.18147839605808258
346,2021-12-13,5.814,6.798091411590576,2.340378761291504,0.5669733881950378,-18.11334800720215,-3.2599916458129883,0.6807042360305786,24.707740783691406,-0.12436459213495255
347,2021-12-14,5.034,6.9580230712890625,2.340378761291504,1.4430228471755981,-18.11334800720215,-3.298306941986084,-0.0002231218240922317,24.707740783691406,-0.12124212086200714
348,2021-12-15,5.994,6.761962413787842,2.340378761291504,1.5019464492797852,-18.11334800720215,-3.3323652744293213,-0.21282154321670532,24.707740783691406,-0.12956635653972626
349,2021-12-16,7.146,6.85737943649292,2.340378761291504,1.5512657165527344,-18.11334800720215,-3.3621931076049805,-0.1634550243616104,24.707740783691406,-0.10300913453102112
350,2021-12-17,4.468,7.051858901977539,2.340378761291504,1.5672982931137085,-18.11334800720215,-3.3878371715545654,-0.02872695028781891,24.707740783691406,-0.033649031072854996
351,2021-12-18,2.316,7.126482009887695,2.340378761291504,1.6718485355377197,-18.11334800720215,-3.4093658924102783,-0.11746826767921448,24.707740783691406,0.04669498652219772
352,2021-12-19,1.77,6.499096870422363,2.340378761291504,1.0479402542114258,-18.11334800720215,-3.426865577697754,-0.15800930559635162,24.707740783691406,0.10125932842493057
353,2021-12-20,5.364,6.909267425537109,2.340378761291504,0.6128647327423096,-18.11334800720215,-3.440446376800537,0.6807042360305786,24.707740783691406,0.12137355655431747
354,2021-12-21,6.468,7.1479058265686035,2.340378761291504,1.5377243757247925,-18.11334800720215,-3.4502344131469727,-0.0002231218240922317,24.707740783691406,0.12586888670921326
355,2021-12-22,6.436,7.001325607299805,2.340378761291504,1.60397207736969,-18.11334800720215,-3.45637583732605,-0.21282154321670532,24.707740783691406,0.13177938759326935
356,2021-12-23,6.668,7.104259490966797,2.340378761291504,1.661232590675354,-18.11334800720215,-3.459033727645874,-0.1634550243616104,24.707740783691406,0.13074417412281036
357,2021-12-24,5.02,7.223912239074707,2.340378761291504,1.6780048608779907,-18.11334800720215,-3.4583864212036133,-0.02872695028781891,24.707740783691406,0.09824804216623306
358,2021-12-25,1.946,7.148503303527832,2.340378761291504,1.7588527202606201,-18.11334800720215,-3.454627752304077,-0.11746826767921448,24.707740783691406,0.026974914595484734
359,2021-12-26,1.62,6.050180912017822,2.340378761291504,0.7731893062591553,-18.11334800720215,-3.447965145111084,-0.15800930559635162,24.707740783691406,-0.05180375650525093
360,2021-12-27,3.83,6.500792026519775,2.340378761291504,0.4090448319911957,-18.11334800720215,-3.438617706298828,0.6807042360305786,24.707740783691406,-0.08511064946651459
361,2021-12-28,4.51,6.89246940612793,2.340378761291504,1.4263455867767334,-18.11334800720215,-3.4268126487731934,-0.0002231218240922317,24.707740783691406,-0.04161207377910614
362,2021-12-29,4.49,6.898087024688721,2.340378761291504,1.53006112575531,-18.11334800720215,-3.412787914276123,-0.21282154321670532,24.707740783691406,0.05886423960328102
363,2021-12-30,4.444,7.14359712600708,2.340378761291504,1.6097074747085571,-18.11334800720215,-3.396787405014038,-0.1634550243616104,24.707740783691406,0.15936212241649628
364,2021-12-31,3.616,7.470572471618652,2.340378761291504,1.7313491106033325,-18.11334800720215,-3.3790576457977295,-0.02872695028781891,24.707740783691406,0.21223685145378113
